cabang,sku,dataset_label,n_train,zero_ratio,zero_bucket,qty_median,scale_bucket,qty_mean,qty_std,qty_max,spike_ratio,adf_level_p,adf_diff1_p,acf_lag1,acf_lag2,acf_lag3,acf_lag6,acf_lag12,seasonal_flag,sarimax_d_sug,sarimax_D_sug,sarimax_family,lgbm_size_bucket,lgbm_max_depth_sug,lgbm_num_leaves_sug,lgbm_min_data_in_leaf_sug,tft_use,tft_encoder_length_sug,tft_hidden_size_sug
02A,BNOP400CHAR,selected15,41,0.0,dense,483.0,high,756.1219512195122,762.5550863748124,4052.0,0.04878048780487805,0.3941176547341476,0.02163958005722886,-0.2515912154518715,-0.10536667192367254,0.13821627523175165,-0.18096387640825698,0.20997451483319718,0,1,0,mixed,small,6,16,10,1,24,32
02A,BNOP400CPOX,selected15,41,0.0,dense,483.0,high,756.1219512195122,762.5550863748124,4052.0,0.04878048780487805,0.3941176547341476,0.02163958005722886,-0.2515912154518715,-0.10536667192367254,0.13821627523175165,-0.18096387640825698,0.20997451483319718,0,1,0,mixed,small,6,16,10,1,24,32
02A,BUVW001K194,selected15,41,0.0,dense,701.0,high,712.9268292682926,377.378019381356,1872.0,0.024390243902439025,2.461228999388517e-09,0.03361258548500577,-0.09475140614867136,0.08089545814058362,0.13076639829362438,0.25900805808814475,0.2664071603361442,0,0,0,MA_or_low_AR,small,6,16,10,1,24,32
02A,BUVW001KSB,selected15,41,0.0,dense,859.0,high,1056.9512195121952,541.9107376321082,2290.0,0.07317073170731707,2.0464998299866578e-13,0.07465714044199907,-0.3010704817372485,-0.08862290101403256,0.13664441778481018,0.03998492356730908,0.35386914961502675,1,0,1,mixed,small,6,16,10,1,24,32
02A,BUVW001KSBM,selected15,41,0.0,dense,633.0,high,678.5121951219512,311.5663751073934,1491.0,0.07317073170731707,7.233631421197653e-13,0.00021406398119871937,-0.27174961511854495,0.07303907247429099,0.23960984076809677,0.20699810720330455,0.16136398060896423,0,0,0,mixed,small,6,16,10,1,24,32
02A,BUVW001KSW,selected15,41,0.0,dense,3464.0,high,3842.756097560976,1829.9017429972546,8486.0,0.024390243902439025,0.6914869361155719,1.9695344788898397e-09,-0.3560638841708273,0.025576180453371976,0.16418359958948806,0.12932994475301526,0.310057147205773,1,1,1,mixed,small,6,16,10,1,24,32
02A,BUVW100C192,selected15,41,0.0,dense,816.0,high,885.1463414634146,376.33798379751744,2064.0,0.024390243902439025,0.0036450028367468125,0.0009777362236895258,-0.015552822219532185,0.09913897098990185,-0.009887417599119997,-0.07824803114259624,0.38246045631371395,1,0,1,MA_or_low_AR,small,6,16,10,1,24,32
02A,BUVW100CSB,selected15,41,0.0,dense,1992.0,high,2071.0243902439024,705.3202282582316,4140.0,0.0,0.00021131920590656072,0.00949911595289417,-0.2611233355173191,0.13024676932389798,0.2607425894775579,0.20623267556012845,0.028477901012538658,0,0,0,mixed,small,6,16,10,1,24,32
02A,BUVW100CSW,selected15,41,0.0,dense,1608.0,high,1850.341463414634,766.2881837062379,4092.0,0.024390243902439025,1.5468738522320821e-12,0.11194091115905258,-0.2473428987475805,0.22068137554695552,0.08585643560268764,0.06651854529002965,0.09995221975783618,0,0,0,mixed,small,6,16,10,1,24,32
02A,CKLM001KS607,selected15,41,0.0,dense,877.0,high,982.9268292682926,393.2075399991652,1797.0,0.0,1.8940620677152117e-13,0.22517474814039862,-0.30427474325634324,-0.005254604990131865,0.07435973349754785,0.12004417711024541,0.3348584831833777,1,0,1,mixed,small,6,16,10,1,24,32
02A,CKLM001KSPOL,selected15,41,0.0,dense,556.0,high,597.6341463414634,216.4259406930649,1023.0,0.0,0.0012653234469872717,0.045904289524817565,-0.317524222187942,-0.22178793225675664,0.11968219098840038,0.003696977443992999,0.32922162038494296,1,0,1,mixed,small,6,16,10,1,24,32
02A,DOPQ001K001,selected15,41,0.0,dense,966.0,high,981.9512195121952,502.2653656793146,2431.0,0.0,2.8129230968313428e-12,0.013355149984784525,-0.2480734459634062,0.07466614331456982,0.1949584181032516,-0.04017900101058254,0.3370558276984323,1,0,1,mixed,small,6,16,10,1,24,32
02A,DOPQ001K009,selected15,41,0.0,dense,2133.0,high,2103.4146341463415,933.2423312197576,4000.0,0.0,8.921703678132472e-15,0.00027076640093130674,-0.3574713618558974,0.07251736656474352,0.05747679766603235,0.06467150803426057,0.4023145124909284,1,0,1,mixed,small,6,16,10,1,24,32
02A,FSTU001KSB,selected15,41,0.0,dense,562.0,high,673.4878048780488,362.59385832851746,1551.0,0.04878048780487805,0.3942619808732246,0.01699891613588744,-0.34532350921881216,-0.09458830230027566,0.19700586184138733,0.013287862317337298,0.43173200060220085,1,1,1,mixed,small,6,16,10,1,24,32
02A,FSTU001KSW,selected15,41,0.0,dense,987.0,high,1093.8292682926829,527.0865157846017,2196.0,0.0,0.07653672928250255,1.25731309858779e-05,-0.21541088032003583,-0.006283010450003078,0.04525464139166461,0.083137516274933,0.4211139207130121,1,1,1,mixed,small,6,16,10,1,24,32
05A,BBCD005KSW,selected15,41,0.0,dense,1758.0,high,1929.780487804878,607.4457388193254,3648.0,0.0,0.17008083667642943,0.0001105051089385072,0.2514108630926433,0.4328645678465429,0.08533316142691179,0.24080626739801042,0.3078715661691978,1,1,1,mixed,small,6,16,10,1,24,32
05A,BUVW001K194,selected15,41,0.0,dense,894.0,high,888.0731707317074,308.55286339976675,1641.0,0.04878048780487805,0.003334176568224144,1.0164433477417555e-09,0.4238580578117833,0.4256851688308139,0.33312853541312004,0.2579275201997754,0.1766417535919853,0,0,0,mixed,small,6,16,10,1,24,32
05A,BUVW001KSB,selected15,41,0.0,dense,1404.0,high,1504.0975609756097,434.8562293953054,2709.0,0.07317073170731707,7.29206475817206e-05,0.0002480807830988858,0.25654274338956334,0.2055154594937097,0.06599031128296678,0.1876308510349408,0.28669310151099925,0,0,0,mixed,small,6,16,10,1,24,32
05A,BUVW001KSW,selected15,41,0.0,dense,5186.0,high,5677.682926829269,1838.539521454793,10162.0,0.04878048780487805,0.0006346083143044847,7.283793773804915e-07,0.35675316354738346,0.30805684792095356,0.1605912723842996,0.13330937848330818,0.3302589531228566,1,0,1,mixed,small,6,16,10,1,24,32
05A,BUVW100C192,selected15,41,0.0,dense,612.0,high,750.1463414634146,434.1456875851475,2340.0,0.07317073170731707,3.2166921585581316e-08,7.724561540645564e-18,0.2801479376757724,0.0004129718284948634,-0.14984271370371785,-0.1741407303368042,0.5618180172930051,1,0,1,mixed,small,6,16,10,1,24,32
05A,BUVW100CSB,selected15,41,0.0,dense,1032.0,high,1042.5365853658536,254.84388334438944,1620.0,0.0,0.3648340373520911,0.01794009455985309,-0.042539518040950915,0.367723347728951,0.2411461148584036,0.028164905663463316,0.17686557389763524,0,1,0,MA_or_low_AR,small,6,16,10,1,24,32
05A,BUVW100CSW,selected15,41,0.0,dense,936.0,high,1036.0975609756097,499.77233841410475,2952.0,0.04878048780487805,0.004670886780033716,6.419860755081109e-13,0.1353755038483722,0.02718576371070763,-0.049089105248631505,-0.2600716729159254,0.48972261213104734,1,0,1,MA_or_low_AR,small,6,16,10,1,24,32
05A,CKLM001KS600,selected15,41,0.0,dense,1221.0,high,1295.7560975609756,475.5578713725494,2634.0,0.024390243902439025,0.3913608096152429,1.0979508151424351e-13,0.642521198783716,0.6213605351527676,0.5632909565127021,0.3781141984418295,0.0975286038529292,0,1,0,AR_dominant,small,6,16,10,1,24,32
05A,CKLM001KS607,selected15,41,0.0,dense,1611.0,high,1659.6341463414635,456.9332968879353,2820.0,0.0,0.1722149008407166,3.6371703639270204e-20,0.3861072480497949,0.42933240371076953,0.26448850070084606,0.11568308903376845,0.262488843485635,0,1,0,mixed,small,6,16,10,1,24,32
05A,CKLM001KS610,selected15,41,0.0,dense,816.0,high,873.8780487804878,227.23701229354683,1326.0,0.0,0.05652387050392347,3.2431001939258176e-10,0.13822262206655345,0.32007772106898397,0.18158378226713753,0.09736048679188543,0.07943004572836959,0,1,0,MA_or_low_AR,small,6,16,10,1,24,32
05A,DKLM350C,selected15,41,0.0,dense,960.0,high,1033.878048780488,370.2861862885214,2016.0,0.024390243902439025,0.3285805955113732,0.011589753724141031,0.48210780538252834,0.4005645149555777,0.39975878325593467,0.3276595566841273,0.2549749756259936,0,1,0,mixed,small,6,16,10,1,24,32
05A,DOPQ001K009,selected15,41,0.0,dense,951.0,high,992.6341463414634,264.5896592931743,1765.0,0.024390243902439025,0.41311143916861387,5.368600755520467e-24,-0.06877888783612406,0.2128801309381478,0.011902425703850972,0.20777911493109472,0.13320170504568155,0,1,0,MA_or_low_AR,small,6,16,10,1,24,32
05A,DOPQ004K009,selected15,41,0.0,dense,777.0,high,767.829268292683,175.04897920853816,1334.0,0.024390243902439025,0.04368934908701703,0.001621686859318239,-0.15773051525125162,0.4028795707712323,-0.19517007054897278,0.21035456604440525,0.24208242478678801,0,0,0,MA_or_low_AR,small,6,16,10,1,24,32
05A,FIJK250C,selected15,41,0.0,dense,726.0,high,759.3414634146342,160.05133703847926,1064.0,0.0,7.22918282069509e-05,2.6502303201611577e-12,0.2844795787153233,0.19255918300493383,0.29892220609687264,0.3061933267837666,-0.07057980474549795,0,0,0,mixed,small,6,16,10,1,24,32
05A,FSTU001KSW,selected15,41,0.0,dense,1053.0,high,1151.2926829268292,417.0985041871068,2337.0,0.04878048780487805,0.672432178868765,0.028456546592698456,0.3712645888536238,0.4178185705322557,0.3286599001427389,0.14076233228403526,0.15858986263884978,0,1,0,mixed,small,6,16,10,1,24,32
13A,BBCD005KSW,selected15,41,0.0,dense,2582.0,high,2748.487804878049,1355.6394085808959,6456.0,0.04878048780487805,0.5682228072895202,7.574767781429852e-05,-0.084305407982958,0.2576279976277371,0.1521236581223449,0.21580512064331756,0.035153374796430985,0,1,0,MA_or_low_AR,small,6,16,10,1,24,32
13A,BUVW001KSB,selected15,41,0.0,dense,1319.0,high,1418.5853658536585,612.2977207049588,3470.0,0.07317073170731707,3.523645525214111e-10,2.809062364109311e-07,-0.14137825618318675,0.1519569477494833,0.021369314757349045,-0.056410205399879114,-0.07281780450527726,0,0,0,MA_or_low_AR,small,6,16,10,1,24,32
13A,BUVW001KSW,selected15,41,0.0,dense,3347.0,high,4037.682926829268,1754.469954701767,9269.0,0.0975609756097561,1.1270177634000559e-10,0.00012278341539084437,-0.16623771865178097,0.06190483275974342,0.07741739371727079,0.24676266964305826,-0.0316378681703643,0,0,0,MA_or_low_AR,small,6,16,10,1,24,32
13A,BUVW100CSB,selected15,41,0.0,dense,1836.0,high,1945.4634146341464,552.6400319177474,3312.0,0.024390243902439025,1.5267400626725447e-05,0.010600254304522147,0.18983725065172863,0.1779131195678238,-0.01452777089108467,-0.050909658687823024,0.07064923903077411,0,0,0,MA_or_low_AR,small,6,16,10,1,24,32
13A,BUVW100CSW,selected15,41,0.0,dense,1548.0,high,1765.7560975609756,591.4098739659241,3324.0,0.0975609756097561,0.00019901445189740094,0.022738817714130895,0.3052330426679288,0.1685206522154557,-0.12477742468607338,-0.16557822814859186,0.16894395937348508,0,0,0,mixed,small,6,16,10,1,24,32
13A,DKLM350C,selected15,41,0.0,dense,2393.0,high,2786.9024390243903,1662.2442179908169,8784.0,0.04878048780487805,0.6729552823534983,6.349544140337567e-08,0.52291805959846,0.5404249547997055,0.5589652370414783,0.517443435516273,0.16834806377348963,0,1,0,AR_dominant,small,6,16,10,1,24,32
13A,DOPQ001K002,selected15,41,0.0,dense,3918.0,high,4527.585365853659,2330.3812882832044,11535.0,0.04878048780487805,3.7160907361513965e-05,1.2984238531435685e-18,-0.022841603264632165,-0.22413855571683491,0.15127256149900875,0.0024603672256058133,0.1059241400370639,0,0,0,MA_or_low_AR,small,6,16,10,1,24,32
13A,DOPQ001K009,selected15,41,0.0,dense,1580.0,high,1844.658536585366,944.1777271720641,4338.0,0.07317073170731707,1.3053862188554885e-12,1.5454329250399228e-09,-0.26335493428947193,-0.2006185450597949,0.33811896413773507,0.08194910865568401,0.29539296561665573,0,0,0,mixed,small,6,16,10,1,24,32
13A,DOPQ004K002,selected15,41,0.0,dense,1721.0,high,1981.2926829268292,1151.74051426314,6671.0,0.024390243902439025,3.2191540011684278e-06,2.7459171318110593e-06,-0.04859500125321646,-0.26571543577704515,0.16438257689579272,0.17161402853792143,0.12422942007866236,0,0,0,MA_or_low_AR,small,6,16,10,1,24,32
13A,FSTU001KSW,selected15,41,0.0,dense,1276.0,high,1397.4878048780488,416.07325808991976,2557.0,0.04878048780487805,3.871841764223091e-10,2.407497847989785e-07,-0.14244259173643659,0.13388045659518635,-0.043434326860729525,-0.075546444114735,0.07371784947679691,0,0,0,MA_or_low_AR,small,6,16,10,1,24,32
13I,BBCD005KSW,selected15,41,0.0,dense,1343.0,high,1401.560975609756,478.5427383620239,2715.0,0.0,0.3816392030275909,0.00011910298642689012,-0.07672192792116217,0.36835018325879876,0.26741175517602683,0.23802177551599318,0.11836297325103846,0,1,0,MA_or_low_AR,small,6,16,10,1,24,32
13I,BUVW001KSB,selected15,41,0.0,dense,2327.0,high,3535.439024390244,2612.1190827447026,13637.0,0.12195121951219512,6.714359950279159e-13,0.0003018778462853359,-0.2834874019784445,-0.014486526343752108,0.1078136588752441,-0.0033733306545987904,0.33819589988865095,1,0,1,mixed,small,6,16,10,1,24,32
13I,BUVW001KSW,selected15,41,0.0,dense,6881.0,high,9428.19512195122,7003.734968641776,27122.0,0.12195121951219512,6.398722015229701e-07,0.0015296248539469859,-0.27794137687154685,-0.064662394684905,0.1939836115608343,0.1527477508589587,0.2594632765445863,0,0,0,mixed,small,6,16,10,1,24,32
13I,BUVW100CSB,selected15,41,0.0,dense,1272.0,high,1316.780487804878,478.2193802113797,2736.0,0.024390243902439025,2.5979810313155917e-10,2.6191081163427964e-14,-0.15029438709970802,0.11701061272386654,0.14128221890980133,0.08869121201017859,0.14286000034011534,0,0,0,MA_or_low_AR,small,6,16,10,1,24,32
13I,BUVW200CSB,selected15,41,0.0,dense,1584.0,high,1662.439024390244,673.3384753888822,4044.0,0.024390243902439025,8.752920360915508e-11,0.0008301748808023153,-0.17841062092926196,0.12633220224618855,0.13571009417668892,0.12799787485885813,0.04605812543301905,0,0,0,MA_or_low_AR,small,6,16,10,1,24,32
13I,BUVW200CSW,selected15,41,0.0,dense,1500.0,high,1680.878048780488,785.1310780730167,4260.0,0.07317073170731707,0.004925865134479397,0.0015654682720868875,-0.02705936155087728,0.15094655607787777,0.13115779865533275,0.18120512338459058,0.14004311480550122,0,0,0,MA_or_low_AR,small,6,16,10,1,24,32
13I,BUVW500CSB,selected15,41,0.0,dense,1843.0,high,1958.7073170731708,797.9873508991994,4428.0,0.024390243902439025,8.556093948257172e-10,1.9205767288582173e-15,-0.12435293927145916,0.1923820640307537,0.1627483110154196,0.210588121265888,0.16622216907690437,0,0,0,MA_or_low_AR,small,6,16,10,1,24,32
13I,BUVW500CSW,selected15,41,0.0,dense,2680.0,high,2733.878048780488,1223.0318719297945,5982.0,0.0,4.948400702519781e-09,4.399992760434506e-06,-0.07408895311687573,0.13894975884017538,0.1718600274102359,0.1991962991151261,0.09171628724380469,0,0,0,MA_or_low_AR,small,6,16,10,1,24,32
13I,CFGH001K711,selected15,41,0.0,dense,1882.0,high,2634.9268292682927,1858.51773451646,7363.0,0.04878048780487805,6.174830086829182e-12,6.46343709158366e-10,-0.47754656441831156,-0.06583266876276124,0.2853092673026732,-0.06761700626936615,0.2715584312920697,0,0,0,mixed,small,6,16,10,1,24,32
13I,CFGH001K724,selected15,41,0.0,dense,1984.0,high,2269.512195121951,1499.5727411824878,5095.0,0.0,6.888396322845575e-16,1.8512873142426023e-09,-0.5177821980023875,-0.11031299021664347,0.3392586439835374,0.05962046791261784,0.30009849977100994,1,0,1,AR_dominant,small,6,16,10,1,24,32
13I,DOPQ001K002,selected15,41,0.0,dense,3191.0,high,4667.073170731707,3111.994701073926,11353.0,0.0,3.903936469576335e-14,4.433025541196647e-18,-0.32647866317041146,0.023019096240023254,0.16340159925829195,-0.12409103991566862,0.09828173434154595,0,0,0,mixed,small,6,16,10,1,24,32
13I,DOPQ001K009,selected15,41,0.0,dense,2083.0,high,2712.1463414634145,1586.5099678378263,6116.0,0.024390243902439025,1.5391601563483805e-14,7.072084240033446e-16,-0.3445088749808751,0.13630992757297958,0.09554707130888268,0.06978821098288358,0.13583711828120065,0,0,0,mixed,small,6,16,10,1,24,32
13I,DOPQ004K002,selected15,41,0.0,dense,1061.0,high,1569.341463414634,1073.2725564775265,4040.0,0.04878048780487805,6.4157134523305345e-18,4.4239748182437335e-07,-0.4567534150037313,0.05201420868662784,0.021210672790993666,-0.10767803503910796,0.2733077403580698,0,0,0,mixed,small,6,16,10,1,24,32
13I,DOPQ004K009,selected15,41,0.0,dense,994.0,high,1224.9512195121952,669.8724487251103,2712.0,0.04878048780487805,1.2429650611385474e-16,1.952798665977918e-06,-0.41566480343368784,0.11170586599900055,0.01507815148631024,-0.035267854565419324,0.14560797373545478,0,0,0,mixed,small,6,16,10,1,24,32
13I,FIJK250C,selected15,41,0.0,dense,1352.0,high,1373.4146341463415,427.5242084145503,2592.0,0.024390243902439025,2.1325951636665636e-10,3.126989474960876e-07,-0.16882912307516285,-0.05393940206115072,0.2805594249418232,0.22820629909486595,0.14553992570177116,0,0,0,MA_or_low_AR,small,6,16,10,1,24,32
14A,BBCD005KSW,selected15,41,0.0,dense,1272.0,high,1666.7073170731708,896.2299438175015,4158.0,0.0975609756097561,6.600195164745639e-07,4.4132504278650906e-10,0.06658079332586526,0.1340665356653033,-0.09985885470613583,0.04063469255976358,0.32119868947174646,1,0,1,MA_or_low_AR,small,6,16,10,1,24,32
14A,BUVW001KSB,selected15,41,0.0,dense,1612.0,high,1846.8292682926829,757.4167248760428,3400.0,0.0,8.420041293664227e-13,1.2455287634134245e-05,-0.27119059628018705,0.2748452871808914,-0.1401135190601467,0.20606677309995605,0.07702241544857144,0,0,0,mixed,small,6,16,10,1,24,32
14A,BUVW001KSW,selected15,41,0.0,dense,3763.0,high,4218.048780487805,1598.9555802338525,7536.0,0.0,0.007058304853241421,4.3791900475834837e-10,-0.2754718481224386,0.34716596806402583,-0.18142176502638097,0.11093972855223974,0.07226854843886042,0,0,0,mixed,small,6,16,10,1,24,32
14A,BUVW050CSB,selected15,41,0.0,dense,972.0,high,960.2926829268292,292.86500677807504,1644.0,0.0,2.5134425453578917e-18,2.00209689706381e-08,-0.4628438944889192,0.2249196899538834,0.05019115708589089,0.06679182089970824,-0.14567137240989866,0,0,0,mixed,small,6,16,10,1,24,32
14A,BUVW100C192,selected15,41,0.0,dense,960.0,high,1152.2926829268292,662.4580833495218,3876.0,0.07317073170731707,0.0006929169310023582,2.597906268611461e-13,0.08239338994701428,0.05429707016485966,-0.06905433252809447,-0.09370129750158432,0.5781774684699416,1,0,1,MA_or_low_AR,small,6,16,10,1,24,32
14A,BUVW100CSB,selected15,41,0.0,dense,2412.0,high,2496.5853658536585,658.3394631802713,4008.0,0.0,0.04981768134935215,0.0002881289932303158,-0.07717359192802362,0.3871283387664126,0.12443501736950811,-0.02576799698988216,0.14022372245850198,0,0,0,MA_or_low_AR,small,6,16,10,1,24,32
14A,BUVW100CSW,selected15,41,0.0,dense,1836.0,high,1949.8536585365853,733.4008985873828,4308.0,0.024390243902439025,2.3091466282290674e-07,3.4535752307977363e-09,0.03128940189271626,0.1722578345111149,0.09768320513944534,-0.11830000499286067,0.4232187571344356,1,0,1,MA_or_low_AR,small,6,16,10,1,24,32
14A,BUVW200CSB,selected15,41,0.0,dense,1392.0,high,1395.8048780487804,457.52460149767876,2472.0,0.0,0.09174784043696982,1.5347314672061218e-10,-0.0442777465775146,0.45494284704485155,-0.0198032425261422,-0.04096721075028548,0.07222648808835061,0,1,0,MA_or_low_AR,small,6,16,10,1,24,32
14A,BUVW200CSW,selected15,41,0.0,dense,1368.0,high,1428.2926829268292,544.4449579113777,3132.0,0.024390243902439025,9.656255893097001e-08,2.8514782043961584e-10,0.005612425378301157,0.24471798354675178,-0.011998014504801912,-0.23074546278988972,0.3279636136272699,1,0,1,MA_or_low_AR,small,6,16,10,1,24,32
14A,DOPQ001K002,selected15,41,0.0,dense,1364.0,high,1453.4146341463415,674.4455120915906,3289.0,0.0,0.002457193355251039,4.747944791565942e-05,0.23217762192213062,0.16339588507032976,-0.07112590453990611,-0.2790738730270512,0.34534761889511745,1,0,1,mixed,small,6,16,10,1,24,32
14A,DOPQ001K007,selected15,41,0.0,dense,891.0,high,955.5853658536586,362.00165577036773,1840.0,0.0,0.05902432952734136,0.0014015844994859311,-0.0385017178851263,0.21182581968780886,-0.02486324768778326,-0.19429706678602843,0.199577785848447,0,1,0,MA_or_low_AR,small,6,16,10,1,24,32
14A,DOPQ001K009,selected15,41,0.0,dense,1560.0,high,1620.7073170731708,663.6097966388999,3395.0,0.04878048780487805,3.920944074887432e-09,3.5391837233927415e-06,-0.08842710956335284,0.14158357852244177,-0.0488482380341657,0.0007765445945814534,0.210253029145674,0,0,0,MA_or_low_AR,small,6,16,10,1,24,32
14A,DOPQ001K010,selected15,41,0.0,dense,1174.0,high,1282.1707317073171,548.7724893997067,3040.0,0.024390243902439025,0.016989835046698504,0.0025304355745405884,0.10563382055902876,0.12264907116288533,-0.024603690618137792,-0.28626177827308424,0.2684519919162906,0,0,0,MA_or_low_AR,small,6,16,10,1,24,32
14A,DOPQ004K009,selected15,41,0.0,dense,967.0,high,1025.6341463414635,486.8213612865381,2414.0,0.0,1.1217642844747687e-10,1.0736528296187047e-06,-0.1757790572650327,0.06335034107611896,-0.09527550122322624,0.16760099570359618,0.28050796007029044,0,0,0,MA_or_low_AR,small,6,16,10,1,24,32
14A,FIJK250C,selected15,41,0.0,dense,720.0,high,752.390243902439,219.86733250403304,1636.0,0.024390243902439025,5.223545268659684e-14,0.03416837422747053,-0.3233609804370867,0.16329872825140712,0.12435207442077008,-0.21566182678498866,-0.07972849807257618,0,0,0,mixed,small,6,16,10,1,24,32
16C,ATUV005KSW,selected15,41,0.0,dense,1484.0,high,1511.1463414634147,807.9779254712225,3456.0,0.0,0.6908369267445742,1.507517912687582e-08,-0.3335663465192363,0.24891845912367036,-0.07103793821886638,-0.14574121553579825,0.12584045384946804,0,1,0,mixed,small,6,16,10,1,24,32
16C,BKLM001KHAR,selected15,41,0.0,dense,1104.0,high,2545.0243902439024,3317.829000173192,16239.0,0.0975609756097561,0.5344792816420992,9.283018571411602e-11,-0.24522327351182355,0.07339428951653629,-0.046686760088742604,0.13777188614827443,-0.0500738596481868,0,1,0,mixed,small,6,16,10,1,24,32
16C,BKLM001KPOX,selected15,41,0.0,dense,1104.0,high,2545.0243902439024,3317.829000173192,16239.0,0.0975609756097561,0.5344792816420992,9.283018571411602e-11,-0.24522327351182355,0.07339428951653629,-0.046686760088742604,0.13777188614827443,-0.0500738596481868,0,1,0,mixed,small,6,16,10,1,24,32
16C,BKLM200CHAR,selected15,41,0.0,dense,2237.0,high,3987.0243902439024,4810.97044517946,23420.0,0.0975609756097561,2.9895608114072945e-12,1.8177079125033673e-08,-0.25067783874851723,0.045787143470541455,-0.0049086340403565396,0.1487282604339709,-0.03582361541741968,0,0,0,mixed,small,6,16,10,1,24,32
16C,BKLM200CPOX,selected15,41,0.0,dense,2237.0,high,3987.0243902439024,4810.97044517946,23420.0,0.0975609756097561,2.9895608114072945e-12,1.8177079125033673e-08,-0.25067783874851723,0.045787143470541455,-0.0049086340403565396,0.1487282604339709,-0.03582361541741968,0,0,0,mixed,small,6,16,10,1,24,32
16C,BNOP400CPOX,selected15,41,0.0,dense,1094.0,high,1621.0975609756097,1477.4732621079484,6414.0,0.0975609756097561,5.632128116220166e-13,3.214003087726504e-12,-0.28122729828018,-0.11143884879069937,-0.005038227870102264,0.022252441525248856,0.01661689751879448,0,0,0,mixed,small,6,16,10,1,24,32
16C,BUVW001KSB,selected15,41,0.0,dense,1496.0,high,2065.1463414634145,1850.8823377105257,10174.0,0.0975609756097561,2.1735812529167823e-12,2.905290874240242e-09,-0.25581660526648115,0.05520052660004636,-0.05785215910683912,0.16173918180760302,-0.0494609248956101,0,0,0,mixed,small,6,16,10,1,24,32
16C,BUVW001KSW,selected15,41,0.0,dense,4029.0,high,6599.121951219512,6821.190963442974,28441.0,0.0975609756097561,2.975513253634219e-07,6.393182430723892e-06,-0.3641056223836041,0.04317339013608136,-0.09311471940807321,0.027884081425459645,0.11842148220218562,0,0,0,mixed,small,6,16,10,1,24,32
16C,CFGH001K711,selected15,41,0.0,dense,942.0,high,1313.1463414634147,890.7017896292678,3850.0,0.0975609756097561,4.705273911445444e-06,1.0199720721426453e-11,-0.26884451456078695,-0.14343025829592176,-0.08336828980273782,0.05781842838398877,-0.01423985050674774,0,0,0,mixed,small,6,16,10,1,24,32
16C,CKLM001KS600,selected15,41,0.0,dense,1100.0,high,1479.1463414634147,1367.6846778584531,5928.0,0.0975609756097561,0.5193153134527091,5.368618839419204e-06,-0.24040405389389294,-0.07777846525181913,0.12659788436077934,0.2130334467062289,0.04001764536912387,0,1,0,mixed,small,6,16,10,1,24,32
16C,DOPQ001K002,selected15,41,0.0,dense,2224.0,high,4129.804878048781,4438.600236670973,16351.0,0.0975609756097561,8.1540252305002e-07,6.513321235177322e-07,-0.2039602372871136,-0.11801245926498087,-0.13127947854694977,0.1453844529697393,-0.10319572598028796,0,0,0,mixed,small,6,16,10,1,24,32
16C,DOPQ001K009,selected15,41,0.0,dense,1366.0,high,2095.439024390244,2121.4389697653396,10086.0,0.12195121951219512,1.0614519249386743e-12,0.000720221471988749,-0.26313326443033147,-0.07467450247638781,-0.09787730368764447,0.12599721943963207,-0.12797197570636432,0,0,0,mixed,small,6,16,10,1,24,32
16C,DOPQ004K002,selected15,41,0.0,dense,1369.0,high,2246.7073170731705,2232.4719286466116,7751.0,0.0975609756097561,3.097501955948458e-09,2.843630541504002e-06,-0.2782444637135066,-0.1772516525253528,-0.1453004874944971,0.11184680374969186,-0.09563920123057167,0,0,0,mixed,small,6,16,10,1,24,32
16C,EVWX200CHAR,selected15,41,0.0,dense,2154.0,high,3689.0731707317073,3266.3433483809067,11964.0,0.0975609756097561,5.859812566371897e-16,7.41087930837954e-07,-0.399692898176055,0.061618588376733015,-0.1692053705495803,0.018503575836796154,-0.062204503585798834,0,0,0,mixed,small,6,16,10,1,24,32
16C,FIJK250C,selected15,41,0.0,dense,1180.0,high,1472.4878048780488,901.993933514833,3768.0,0.0975609756097561,1.6905831846659409e-13,0.0059965413996021875,-0.31672297737049715,0.05879472372271882,-0.10176193666003207,0.08160330236724314,-0.09594832342005859,0,0,0,mixed,small,6,16,10,1,24,32
17A,BKLM200CHAR,selected15,41,0.0,dense,700.0,high,714.9756097560976,207.02107233381798,1255.0,0.0,0.10333910657041545,5.956914382560568e-08,-0.10830694128778795,0.43539468895039257,0.020949249249221313,0.1997791935969783,0.12421770665408517,0,1,0,MA_or_low_AR,small,6,16,10,1,24,32
17A,BUVW001KSW,selected15,41,0.0,dense,834.0,high,917.7560975609756,333.69063370791554,1576.0,0.0,4.588946546665296e-17,1.1546530974834927e-09,-0.43445247974035806,0.12325096932788837,0.05591467315992277,0.030752695074491167,0.13117853732989618,0,0,0,mixed,small,6,16,10,1,24,32
17A,DOPQ001K002,selected15,41,0.0,dense,1948.0,high,2124.8048780487807,740.5529427229425,4292.0,0.024390243902439025,0.001773398929612232,5.105367445022926e-10,-0.044814180129119474,0.23814602197211437,-0.1571922910663071,0.11802924635201625,0.042036969820040015,0,0,0,MA_or_low_AR,small,6,16,10,1,24,32
17A,DOPQ001K003,selected15,41,0.0,dense,1778.0,high,1847.6097560975609,638.7290457638818,3469.0,0.024390243902439025,1.1417626081693965e-07,5.1610072246867635e-06,0.014636650833885906,0.18845637392662076,0.0070913100921647255,0.29917168474367717,-0.09100194548848022,0,0,0,MA_or_low_AR,small,6,16,10,1,24,32
17A,DOPQ001K009,selected15,41,0.0,dense,1361.0,high,1480.560975609756,518.0704608825178,2919.0,0.024390243902439025,1.1888492291233472e-12,6.778392305676822e-16,-0.2678504022368699,0.16292689774942587,0.008266095672661044,0.2616713586423724,0.04702423880877121,0,0,0,mixed,small,6,16,10,1,24,32
17A,DOPQ001K010,selected15,41,0.0,dense,803.0,high,831.9268292682926,311.2740264014894,1889.0,0.12195121951219512,0.0007363610534622673,4.5791145970618295e-15,-0.29422600187990094,0.21344565155866932,-0.06501773846084156,0.16532219527309197,-0.08326293548197171,0,0,0,mixed,small,6,16,10,1,24,32
17A,DOPQ004K002,selected15,41,0.0,dense,1751.0,high,1808.4146341463415,669.2013514484918,3524.0,0.0,1.2430963350767057e-12,2.335077135599052e-08,-0.26749246253386666,0.1624259904767189,-0.05739985297672528,0.28301634141343085,0.19735254798227392,0,0,0,mixed,small,6,16,10,1,24,32
17A,DOPQ004K003,selected15,41,0.0,dense,731.0,high,791.219512195122,273.3919816120365,1495.0,0.0,1.0713701372598995e-12,2.932510587591555e-08,-0.2723560827546124,0.07000188033139042,0.02322454525068255,0.26473280884197736,0.1093421164014168,0,0,0,mixed,small,6,16,10,1,24,32
17A,DOPQ004K009,selected15,41,0.0,dense,1389.0,high,1447.6097560975609,514.7828123611346,2639.0,0.0,1.0888533117736356e-14,2.5907945892871755e-08,-0.3471175407198405,0.06859650558098669,0.09861718802579444,0.3224554345255583,0.16477220873267992,0,0,0,mixed,small,6,16,10,1,24,32
17A,DOPQ004K010,selected15,41,0.0,dense,809.0,high,849.2439024390244,307.16109620912323,1631.0,0.0,1.9103705735597567e-16,4.98664666176832e-10,-0.4069097017708866,0.10187087805859768,-0.007585100590129935,0.30328153125640966,0.14909768817385538,0,0,0,mixed,small,6,16,10,1,24,32
23A,AUVW001KA,selected15,41,0.0,dense,2478.0,high,2865.1951219512193,1554.0038323555093,6936.0,0.0975609756097561,0.9978441755541387,1.652182727638541e-06,-0.06940585571319323,0.25633220623376846,0.4072553480502581,0.1591797666568801,0.13468880497574862,0,1,0,MA_or_low_AR,small,6,16,10,1,24,32
23A,AUVW001KASP,selected15,41,0.0,dense,2177.0,high,2367.682926829268,893.1627074342164,4998.0,0.04878048780487805,0.9403481288702856,0.00011741697664439081,-0.0012547542079994595,0.23551071928559728,0.3107664940876977,0.10960169202183803,-0.011203081180955837,0,1,0,MA_or_low_AR,small,6,16,10,1,24,32
23A,BKLM200CHAR,selected15,41,0.0,dense,2894.0,high,3455.8536585365855,1885.031240602866,9332.0,0.0975609756097561,4.07436467429554e-13,5.2159779615891694e-05,-0.2889566021483754,-0.044792148610415666,0.3076610749498197,0.1201140377600338,0.21485514394484817,0,0,0,mixed,small,6,16,10,1,24,32
23A,BKLM200CPOX,selected15,41,0.0,dense,2894.0,high,3455.8536585365855,1885.031240602866,9332.0,0.0975609756097561,4.07436467429554e-13,5.2159779615891694e-05,-0.2889566021483754,-0.044792148610415666,0.3076610749498197,0.1201140377600338,0.21485514394484817,0,0,0,mixed,small,6,16,10,1,24,32
23A,BNOP400CHAR,selected15,41,0.0,dense,1913.0,high,1985.3902439024391,646.3025946895456,3910.0,0.0,8.55652221250344e-12,0.00041261876746905295,-0.22601552390934415,0.1473866190899809,0.08578509240338385,-0.058099412431319934,-0.023357314012183154,0,0,0,mixed,small,6,16,10,1,24,32
23A,BNOP400CPOX,selected15,41,0.0,dense,1913.0,high,1985.3902439024391,646.3025946895456,3910.0,0.0,8.55652221250344e-12,0.00041261876746905295,-0.22601552390934415,0.1473866190899809,0.08578509240338385,-0.058099412431319934,-0.023357314012183154,0,0,0,mixed,small,6,16,10,1,24,32
23A,BUVW001KSB,selected15,41,0.0,dense,1862.0,high,1976.3902439024391,709.8277917230622,4638.0,0.024390243902439025,1.748070279362342e-15,2.2087897546856106e-09,-0.38414511565386805,-0.1334689983857582,0.2971291024175796,-0.04959773111414947,0.25590515877461845,0,0,0,mixed,small,6,16,10,1,24,32
23A,BUVW001KSW,selected15,41,0.0,dense,5284.0,high,5989.975609756098,2505.462906209199,14506.0,0.12195121951219512,9.51838047984026e-14,3.585451097599801e-08,-0.3164524011330557,-0.09211257312433764,0.21434736650909594,0.007871880891135661,0.17970268870683573,0,0,0,mixed,small,6,16,10,1,24,32
23A,BUVW200CSW,selected15,41,0.0,dense,1284.0,high,1327.9024390243903,342.5533392683575,2340.0,0.04878048780487805,0.36374721131250515,3.7105602840224564e-28,-0.04211509430367233,0.037676061299120794,0.5167865843985691,0.1708759604679204,0.11141289172012464,0,1,0,MA_or_low_AR,small,6,16,10,1,24,32
23A,FIJK250C,selected15,41,0.0,dense,1226.0,high,1298.780487804878,352.83491268545987,2729.0,0.024390243902439025,1.1990351287114535e-06,2.6314612807639285e-07,-0.3884402259182954,0.04974662514514046,0.09635938460170787,-0.12813226567644714,0.06142529278477758,0,0,0,mixed,small,6,16,10,1,24,32
29A,APQR005KSW,selected15,41,0.0,dense,864.0,high,961.5365853658536,339.3205046531211,2081.0,0.04878048780487805,1.9062496596492793e-11,0.0038344963770064076,-0.18630446273970064,-0.09351921126779264,0.07580066303111556,0.04822932600952681,0.23162608656326059,0,0,0,MA_or_low_AR,small,6,16,10,1,24,32
29A,BKLM200CHAR,selected15,41,0.0,dense,932.0,high,1361.0731707317073,1361.2069532265089,6229.0,0.07317073170731707,0.7380658709456548,0.00013726982089395077,-0.009966424648389547,0.29738112096812985,0.23457223823374376,0.14324295651670427,0.06989507583242208,0,1,0,MA_or_low_AR,small,6,16,10,1,24,32
29A,BKLM200CPOX,selected15,41,0.0,dense,932.0,high,1361.0731707317073,1361.2069532265089,6229.0,0.07317073170731707,0.7380658709456548,0.00013726982089395077,-0.009966424648389547,0.29738112096812985,0.23457223823374376,0.14324295651670427,0.06989507583242208,0,1,0,MA_or_low_AR,small,6,16,10,1,24,32
29A,BNOP400CHAR,selected15,41,0.0,dense,646.0,high,888.8048780487804,652.7648205713983,3012.0,0.07317073170731707,0.40870993379423276,5.3649230249753164e-21,0.28227211177701633,0.3268131130413572,0.5800289115495394,0.29749318305348943,0.09286883906982647,0,1,0,mixed,small,6,16,10,1,24,32
29A,BNOP400CPOX,selected15,41,0.0,dense,646.0,high,888.8048780487804,652.7648205713983,3012.0,0.07317073170731707,0.40870993379423276,5.3649230249753164e-21,0.28227211177701633,0.3268131130413572,0.5800289115495394,0.29749318305348943,0.09286883906982647,0,1,0,mixed,small,6,16,10,1,24,32
29A,BUVW001K192,selected15,41,0.0,dense,576.0,high,687.9268292682926,501.27264987449206,2782.0,0.0975609756097561,5.131587614190545e-07,0.00923161423995013,0.06371176537993488,0.13661131454297826,0.19707539460407092,-0.011915095431245793,0.15205011641092178,0,0,0,MA_or_low_AR,small,6,16,10,1,24,32
29A,BUVW001K306,selected15,41,0.0,dense,759.0,high,904.0487804878048,537.4846486747093,3300.0,0.0975609756097561,9.50294612657987e-09,0.0010982254709201264,-0.05915897094213205,0.17534547793511138,0.08196812324152433,0.081392217206085,0.1826485869078856,0,0,0,MA_or_low_AR,small,6,16,10,1,24,32
29A,BUVW001KSB,selected15,41,0.0,dense,1578.0,high,2053.4634146341464,1436.3931929934954,8437.0,0.12195121951219512,2.749727544939813e-09,2.3298913572211787e-06,-0.09153648223127296,0.17648671677659025,0.0731770996080821,0.056995252910620256,0.2810604333664635,0,0,0,MA_or_low_AR,small,6,16,10,1,24,32
29A,BUVW001KSW,selected15,41,0.0,dense,3167.0,high,4059.9268292682927,2782.1579159911457,15225.0,0.12195121951219512,3.3047931128932107e-09,0.00017068424191894602,-0.08469101634961848,0.15979202932345712,0.11536522213452455,0.11078650364854892,0.25876660384709926,0,0,0,MA_or_low_AR,small,6,16,10,1,24,32
29A,BUVW200CSB,selected15,41,0.0,dense,864.0,high,1017.3658536585366,445.92968930637267,2544.0,0.0975609756097561,0.0029752690573932807,3.184547216132015e-15,-0.028439733163138206,0.1256174273267082,0.21314709962597186,0.10471906274488192,0.17883343210188948,0,0,0,MA_or_low_AR,small,6,16,10,1,24,32
29A,BUVW200CSW,selected15,41,0.0,dense,1044.0,high,1115.7073170731708,575.696718937256,2664.0,0.04878048780487805,0.02442673065835577,0.016270496818894847,0.13891179887196944,0.24045389693998226,0.31839364645655305,0.10804106352929586,0.2039287283511322,0,0,0,MA_or_low_AR,small,6,16,10,1,24,32
29A,BVWX001KA,selected15,41,0.0,dense,912.0,high,1027.219512195122,729.7762503738774,3732.0,0.07317073170731707,0.29523549220258727,0.011989781982850573,0.15098793740977232,0.29728660456651024,0.32467237753114414,0.13827407167943642,0.19426737081684223,0,1,0,MA_or_low_AR,small,6,16,10,1,24,32
29A,BVWX001KBAS,selected15,41,0.0,dense,1380.0,high,1668.9268292682927,1091.8507542298055,5784.0,0.0975609756097561,5.933054159550821e-11,0.00010473729270090478,-0.17423775877130188,-0.008138286572189941,0.10177864840552382,-0.08344055672882779,0.2692593815922421,0,0,0,MA_or_low_AR,small,6,16,10,1,24,32
29A,FIJK250C,selected15,41,0.0,dense,500.0,high,583.9756097560976,291.7658725592216,1306.0,0.024390243902439025,4.15492667207474e-11,0.000928692084968191,-0.18729513309224524,0.17714991336807243,0.15516418782239375,0.1561843521285643,0.17530578017752255,0,0,0,MA_or_low_AR,small,6,16,10,1,24,32
29A,FQRS001KLOO,selected15,41,0.0,dense,594.0,high,690.6341463414634,294.3851011937901,1608.0,0.04878048780487805,1.3216199528429002e-10,6.705946699933998e-05,-0.16615245265205075,0.15796454058529832,0.25148005701580733,0.19163714351244887,0.09795454782103673,0,0,0,MA_or_low_AR,small,6,16,10,1,24,32
